{"IcoMoonType":"selection","icons":[{"icon":{"paths":["M1499.063 548.204c19.997-19.996 19.997-52.413 0-72.409l-325.837-325.834c-19.994-19.995-52.413-19.995-72.407 0-19.996 19.994-19.996 52.413 0 72.407l289.63 289.631-289.63 289.631c-19.996 19.994-19.996 52.413 0 72.407 19.994 19.996 52.413 19.996 72.407 0l325.837-325.834zM0 563.2h1462.857v-102.4h-1462.857v102.4z"],"attrs":[{"fill":"rgb(255, 255, 255)"}],"width":1609,"isMulticolor":false,"isMulticolor2":false,"grid":0,"tags":["arrow-right"]},"attrs":[{"fill":"rgb(255, 255, 255)"}],"properties":{"order":4,"id":1,"name":"arrow-right","prevSize":32,"code":59650},"setIdx":0,"setId":2,"iconIdx":2}],"height":1024,"metadata":{"name":"icomoon"},"preferences":{"showGlyphs":true,"showQuickUse":true,"showQuickUse2":true,"showSVGs":true,"fontPref":{"prefix":"icon-","metadata":{"fontFamily":"icomoon"},"metrics":{"emSize":1024,"baseline":6.25,"whitespace":50},"embed":false},"imagePref":{"prefix":"icon-","png":true,"useClassSelector":true,"color":0,"bgColor":16777215,"classSelector":".icon"},"historySize":50,"showCodes":true,"gridSize":16}}